Date,Time
2024-08-01,2024-08-09 05:39:00
2024-08-02,2024-08-09 06:32:00
2024-08-03,2024-08-09 05:01:00
2024-08-04,2024-08-09 06:09:00
2024-08-05,2024-08-09 06:57:00
2024-08-06,2024-08-09 07:32:00
2024-08-07,2024-08-09 05:31:00
2024-08-08,2024-08-09 07:10:00
2024-08-09,2024-08-09 05:52:00
2024-08-10,2024-08-09 05:23:00
2024-08-11,2024-08-09 05:35:00
2024-08-12,2024-08-09 07:11:00
2024-08-13,2024-08-09 06:50:00
2024-08-14,2024-08-09 07:55:00
2024-08-15,2024-08-09 07:28:00
2024-08-16,2024-08-09 05:34:00
2024-08-17,2024-08-09 06:00:00
2024-08-18,2024-08-09 06:00:00
2024-08-19,2024-08-09 06:36:00
2024-08-20,2024-08-09 06:53:00
2024-08-21,2024-08-09 05:05:00
2024-08-22,2024-08-09 06:38:00
2024-08-23,2024-08-09 05:40:00
2024-08-24,2024-08-09 05:52:00
2024-08-25,2024-08-09 06:17:00
2024-08-26,2024-08-09 07:15:00
2024-08-27,2024-08-09 05:04:00
2024-08-28,2024-08-09 07:41:00
2024-08-29,2024-08-09 05:42:00
2024-08-30,2024-08-09 06:58:00
2024-08-31,2024-08-09 06:31:00
2024-09-01,2024-08-09 07:56:00
